,0,1,2,3,4,5,6,7,8,9,10,11,12,13,14,15,16,17,18,19,20,21,22,23,24,25,26,27,28,29,30,31,32,33,34,35,36,37,38,39,40,41,42,43,44,45,46,47,48,49,50,51,52,53,54,55,56,57,58,59,60,61,62,63,64,65,66,67,68,69,70,71,72,73,74,75,76,77,78,79,80,81,82,83,84,85,86,87,88,89,90,91,92,93,94,95,96,97,98,99,100,101,102,103,104,105,106,107
0,,,,,,,,,,,,,,,,,,,,,,,,,,,,,,,,,,,,,,,,,,,,,,,,,,,,,,,,,,,,,,,,,,,,,,,,,,,,,,,,,,,,,,,,,,,,,,,,,,,,,,,,,,,,
1,,,,,,,,,,,,,,,,,,,,,,,,,,,,,,,,,,,,,,,,,,,,,,,,,,,,,,,,,,,,,,,,,,,,,,,,,,,,,,,,,,,,,,,,,,,,,,,,,,,,,,,,,,,,
2,,,,,,,,,,,,,,,,,,,,,,,,,,,,,,,,,,,,,,,,,,,,,,,,,,,,,,,,,,,,,,,,,,,,,,,,,,,,,,,,,,,,,,,,,,,,,,,,,,,,,,,,,,,,
3,,,,,,,,,P,P,P,P,P,P,P,P,P,P,P,P,P,P,P,P,P,P,P,P,P,P,P,P,P,P,P,P,P,P,P,P,P,P,P,P,P,P,P,P,P,P,P,P,P,P,P,P,P,P,P,P,P,P,P,P,P,P,P,P,P,P,P,P,P,P,P,P,P,P,P,P,P,P,P,P,P,P,P,P,P,P,P,P,P,P,P,P,P,P,P,P,P,P,P,P,P,P,P,
4,,,,,,,,,P,,,,,,,,,,,P,,,,,,,,,,,,,,,P,,,,,,,,,,,,,,,,,,,,,,P,P,P,,,,,,,,,,,,,,,,,,,,,,P,,,,,,,,,,,,,,,P,,,,,,,,,,,P,
5,,,,,,,,,P,,,,,,,,,,,P,,,,,,,,,,,,,,,P,,,,,,,,,,,,,,,,,,,,,,P,P,P,,,,,,,,,,,,,,,,,,,,,,P,,,,,,,,,,,,,,,P,,,,,,,,,,,P,
6,,,,,,,,,P,,,,,,,,,,,P,,,,,,,,,,,,,,,P,,,,,,,,,,,,,,,,,,,,,,P,P,P,,,,,,,,,,,,,,,,,,,,,,P,,,,,,,,,,,,,,,P,,,,,,,,,,,P,
7,,,,,,,,,P,,,,,,,,,,,P,,,,,,,,,,,,,,,P,,,,,,,,,,,,,,,,,,,,,,P,P,P,,,,,,,,,,,,,,,,,,,,,,P,,,,,,,,,,,,,,,P,,,,,,,,,,,P,
8,,,,,,,,,P,,,,,,,,,,,P,,,,,,,,,,,,,,,P,,,,,,,,,,,,,,,,,,,,,,P,P,P,,,,,,,,,,,,,,,,,,,,,,P,,,,,,,,,,,,,,,P,,,,,,,,,,,P,
9,,,,,,,,,P,,,,,,,,,,,P,,,,,,,,,,,,,,,P,,,,,,,,,,,,,,,,,,,,,,P,P,P,,,,,,,,,,,,,,,,,,,,,,P,,,,,,,,,,,,,,,P,,,,,,,,,,,P,
10,,59,59,,,,,,P,,,,,,,,,,,P,,,,,,,,,,,,,,,P,,,,,,,,,,,,,,,,,,,,,,P,P,P,,,,,,,,,,,,,,,,,,,,,,P,,,,,,,,,,,,,,,P,,,,,,,,,,,P,
11,,59,59,,,,,,P,,,,,,,,,,,P,,,,,,,,,,,,,,,P,,,,,,,,,,,,,,,,,,,,,,P,P,P,,,,,,,,,,,,,,,,,,,,,,P,,,,,,,,,,,,,,,P,,,,,,,,,,,P,
12,,59,59,,,,,,P,,,,,,,,,,,P,,,,,,,,,,,,,,,P,,,,,,,,,,,,,,,,,,,,,,P,P,P,,,,,,,,,,,,,,,,,,,,,,P,,,,,,,,,,,,,,,P,,,,,,,,,,,P,
13,,59,59,,,,,,P,P,P,P,P,P,P,P,P,P,P,P,P,P,P,P,P,P,P,P,P,P,P,P,P,P,P,P,P,P,P,P,P,P,P,P,P,P,P,P,P,P,P,P,P,P,P,P,P,P,P,P,P,P,P,P,P,P,P,P,P,P,P,P,P,P,P,P,P,P,P,P,P,P,P,P,P,P,P,P,P,P,P,P,P,P,P,P,P,P,P,P,P,P,P,P,P,P,P,
14,52,52,52,,,,,,P,,,,,,,,,,,P,,,,,,,,,,,,,,,P,,,,,,,,,,,,,,,,,,,,,,P,P,P,,,,,,,,,,,,,,,,,,,,,,P,,,,,,,,,,,,,,,P,,,,,,,,,,,P,
15,52,52,52,,,,,,P,,,,,,,,,,,P,,,,,,,,,,,,,,,P,,,,,,,,,,,,,,,,,,,,,,P,P,P,,,,,,,,,,,,,,,,,,,,,,P,,,,,,,,,,,,,,,P,,,,,,,,,,,P,
16,52,52,52,,,,,,P,,,,,,,,,,,P,,,,,,,,,,,,,,,P,,,,,,,,,,,,,,,,,,,,,,P,P,P,,,,,,,,,,,,,,,,,,,,,,P,,,,,,,,,,,,,,,P,,,,,,,,,,,P,
17,52,52,52,,,,,,P,,,,,,,,,,,P,,,,,,,,,,,,,,,P,,,,,,,,,,,,,,,,,,,,,,P,P,P,,,,,,,,,,,,,,,,,,,,,,P,,,,,,,,,,,,,,,P,,,,,,,,,,,P,
18,52,52,52,,,,,,P,,,,,,,,,,,P,,,,,,,,,,,,,,,P,,,,,,,,,,,,,,,,,,,,,,P,P,P,,,,,,,,,,,,,,,,,,,,,,P,,,,,,,,,,,,,,,P,,,,,,,,,,,P,
19,52,52,52,,,,,,P,,,,,,,,,,,P,,,,,,,,,,,,,,,P,,,,,,,,,,,,,,,,,,,,,,P,P,P,,,,,,,,,,,,,,,,,,,,,,P,,,,,,,,,,,,,,,P,,,,,,,,,,,P,
20,52,52,52,,,,,,P,,,,,,,,,,,P,,,,,,,,,,,,,,,P,,,,,,,,,,,,,,,,,,,,,,P,P,P,,,,,,,,,,,,,,,,,,,,,,P,,,,,,,,,,,,,,,P,,,,,,,,,,,P,
21,52,52,52,,,,,,P,,,,,,,,,,,P,,,,,,,,,,,,,,,P,,,,,,,,,,,,,,,,,,,,,,P,P,P,,,,,,,,,,,,,,,,,,,,,,P,,,,,,,,,,,,,,,P,,,,,,,,,,,P,
22,52,52,52,,,,,,P,,,,,,,,,,,P,,,,,,,,,,,,,,,P,,,,,,,,,,,,,,,,,,,,,,P,P,P,,,,,,,,,,,,,,,,,,,,,,P,,,,,,,,,,,,,,,P,,,,,,,,,,,P,
23,52,52,52,,,,,,P,,,,,,,,,,,P,,,,,,,,,,,,,,,P,,,,,,,,,,,,,,,,,,,,,,P,P,P,,,,,,,,,,,,,,,,,,,,,,P,,,,,,,,,,,,,,,P,,,,,,,,,,,P,
24,52,52,52,,,,,,P,,,,,,,,,,,P,,,,,,,,,,,,,,,P,,,,,,,,,,,,,,,,,,,,,,P,P,P,,,,,,,,,,,,,,,,,,,,,,P,,,,,,,,,,,,,,,P,,,,,,,,,,,P,
25,52,52,52,,,,,,P,P,P,P,P,P,P,P,P,P,P,P,P,P,P,P,P,P,P,P,P,P,P,P,P,P,P,P,P,P,P,P,P,P,P,P,P,P,P,P,P,P,P,P,P,P,P,P,P,P,P,P,P,P,P,P,P,P,P,P,P,P,P,P,P,P,P,P,P,P,P,P,P,P,P,P,P,P,P,P,P,P,P,P,P,P,P,P,P,P,P,P,P,P,P,P,P,P,P,
26,,,,,,,,,P,,,,,,,,,,,P,,,,,,,,,,,,,,,P,,,,,,,,,,,,,,,,,,,,,,,,,,,,,,,,,,,,,,,,,,,,,,P,,,,,,,,,,,,,,,P,,,,,,,,,,,P,
27,,,,,,,,,P,,,,,,,,,,,P,,,,,,,,,,,,,,,P,,,,,,,,,,,,,,,,,,,,,,,,,,,,,,,,,,,,,,,,,,,,,,P,,,,,,,,,,,,,,,P,,,,,,,,,,,P,
28,,,,,,,,,P,,,,,,,,,,,P,,,,,,,,,,,,,,,P,,,,,,,,,,,,,,,,,,,,,,,,,,,,,,,,,,,,,,,,,,,,,,P,,,,,,,,,,,,,,,P,,,,,,,,,,,P,
29,,,,,,,,,P,,,,,,,,,,,P,,,,,,,,,,,,,,,P,,,,,,,,,,,,,,,,,,,,,,,,,,,,,,,,,,,,,,,,,,,,,,P,,,,,,,,,,,,,,,P,,,,,,,,,,,P,
30,,,,,,,,,P,,,,,,,,,,,P,,,,,,,,,,,,,,,P,,,,,,,,,,,,,,,,,,,,,,,,,,,,,,,,,,,,,,,,,,,,,,P,,,,,,,,,,,,,,,P,,,,,,,,,,,P,
31,,,,,,,,,P,,,,,,,,,,,P,,,,,,,,,,,,,,,P,,,,,,,,,,,,,,,,,,,,,,,,,,,,,,,,,,,,,,,,,,,,,,P,,,,,,,,,,,,,,,P,,,,,,,,,,,P,
32,,,,,,,,,P,,,,,,,,,,,P,,,,,,,,,,,,,,,P,,,,,,,,,,,,,,,,,,,,,,,,,,,,,,,,,,,,,,,,,,,,,,P,,,,,,,,,,,,,,,P,,,,,,,,,,,P,
33,,,,,,,,,P,,,,,,,,,,,P,,,,,,,,,,,,,,,P,,,,,,,,,,,,,,,,,,,,,,,,,,,,,,,,,,,,,,,,,,,,,,P,,,,,,,,,,,,,,,P,,,,,,,,,,,P,
34,,,,,,,,,P,,,,,,,,,,,P,,,,,,,,,,,,,,,P,,,,,,,,,,,,,,,,,,,,,,,,,,,,,,,,,,,,,,,,,,,,,,P,,,,,,,,,,,,,,,P,,,,,,,,,,,P,
35,,,,,,,,,P,,,,,,,,,,,P,,,,,,,,,,,,,,,P,,,,,,,,,,,,,,,,,,,,,,,,,,,,,,,,,,,,,,,,,,,,,,P,,,,,,,,,,,,,,,P,,,,,,,,,,,P,
36,,,,,,,,,P,,,,,,,,,,,P,,,,,,,,,,,,,,,P,,,,,,,,,,,,,,,,,,,,,,,,,,,,,,,,,,,,,,,,,,,,,,P,,,,,,,,,,,,,,,P,,,,,,,,,,,P,
37,,,,,,,,,P,,,,,,,,,,,P,,,,,,,,,,,,,,,P,,,,,,,,,,,,,,,,,,,,,,,,,,,,,,,,,,,,,,,,,,,,,,P,,,,,,,,,,,,,,,P,,,,,,,,,,,P,
38,,,,,,,,,P,,,,,,,,,,,P,,,,,,,,,,,,,,,P,,,,,,,,,,,,,,,,,,,,,,,,,,,,,,,,,,,,,,,,,,,,,,P,,,,,,,,,,,,,,,P,,,,,,,,,,,P,
39,,,,,,,,,P,,,,,,,,,,,P,,,,,,,,,,,,,,,P,,,,,,,,,,,,,,,,,,,,,,,,,,,,,,,,,,,,,,,,,,,,,,P,,,,,,,,,,,,,,,P,,,,,,,,,,,P,
40,,,,,,,,,P,,,,,,,,,,,P,,,,,,,,,,,,,,,P,,,,,,,,,,,,,,,,,,,,,,,,,,,,,,,,,,,,,,,,,,,,,,P,,,,,,,,,,,,,,,P,,,,,,,,,,,P,
41,,,,,,,,,P,,,,,,,,,,,P,,,,,,,,,,,,,,,P,,,,,,,,,,,,,,,,,,,,,,,,,,,,,,,,,,,,,,,,,,,,,,P,,,,,,,,,,,,,,,P,,,,,,,,,,,P,
42,,,,,,,,,P,,,,,,,,,,,P,,,,,,,,,,,,,,,P,,,,,,,,,,,,,,,,,,,,,,,,,,,,,,,,,,,,,,,,,,,,,,P,,,,,,,,,,,,,,,P,,,,,,,,,,,P,
43,,,,,,,,,P,,,,,,,,,,,P,,,,,,,,,,,,,,,P,,,,,,,,,,,,,,,,,,,,,,,,,,,,,,,,,,,,,,,,,,,,,,P,,,,,,,,,,,,,,,P,,,,,,,,,,,P,
44,,,,,,,,,P,,,,,,,,,,,P,,,,,,,,,,,,,,,P,,,,,,,,,,,,,,,,,,,,,,,,,,,,,,,,,,,,,,,,,,,,,,P,,,,,,,,,,,,,,,P,,,,,,,,,,,P,
45,,,,,,,,,P,,,,,,,,,,,P,,,,,,,,,,,,,,,P,,,,,,,,,,,,,,,,,,,,,,,,,,,,,,,,,,,,,,,,,,,,,,P,,,,,,,,,,,,,,,P,,,,,,,,,,,P,
46,,,,,,,,,P,,,,,,,,,,,P,,,,,,,,,,,,,,,P,,,,,,,,,,,,,,,,,,,,,,,,,,,,,,,,,,,,,,,,,,,,,,P,,,,,,,,,,,,,,,P,,,,,,,,,,,P,
47,,,,,,,,,,,P,P,P,P,P,P,P,P,P,P,P,P,P,P,P,P,P,P,P,P,P,P,P,P,P,,,,,,,,,,,,,,,,,,,,,,,,,,,,,,,,,,,,,,,,,,,,,,P,P,P,P,P,P,P,P,P,P,P,P,P,P,P,P,P,P,P,P,P,P,P,P,,,,
48,,,,,,,,,,,P,P,P,P,P,P,P,P,P,P,P,P,P,P,P,P,P,P,P,P,P,P,P,P,P,,,,,,,,,,,,,,,,,,,,,,,,,,,,,,,,,,,,,,,,,,,,,,P,P,P,P,P,P,P,P,P,P,P,P,P,P,P,P,P,P,P,P,P,P,P,P,,,,
49,,,,,,,,,,,P,P,P,P,P,P,P,P,P,P,P,P,P,P,P,P,P,P,P,P,P,P,P,P,P,,,,,,,,,,,,,,,,,,,,,,,,,,,,,,,,,,,,,,,,,,,,,,P,P,P,P,P,P,P,P,P,P,P,P,P,P,P,P,P,P,P,P,P,P,P,P,,,,
50,,,,,,,,,P,,,,,,,,,,,P,,,,,,,,,,,,,,,P,,,,,,,,,,,,,,,,,,,,,,,,,,,,,,,,,,,,,,,,,,,,,,P,,,,,,,,,,,,,,,P,,,,,,,,,,,P,
51,,,,,,,,,P,,,,,,,,,,,P,,,,,,,,,,,,,,,P,,,,,,,,,,,,,,,,,,,,,,,,,,,,,,,,,,,,,,,,,,,,,,P,,,,,,,,,,,,,,,P,,,,,,,,,,,P,
52,,,,,,,,,P,,,,,,,,,,,P,,,,,,,,,,,,,,,P,,,,,,,,,,,,,,,,,,,,,,,,,,,,,,,,,,,,,,,,,,,,,,P,,,,,,,,,,,,,,,P,,,,,,,,,,,P,
53,,,,,,,,,P,,,,,,,,,,,P,,,,,,,,,,,,,,,P,,,,,,,,,,,,,,,,,,,,,,,,,,,,,,,,,,,,,,,,,,,,,,P,,,,,,,,,,,,,,,P,,,,,,,,,,,P,
54,,,,,,,,,P,,,,,,,,,,,P,,,,,,,,,,,,,,,P,,,,,,,,,,,,,,,,,,,,,,,,,,,,,,,,,,,,,,,,,,,,,,P,,,,,,,,,,,,,,,P,,,,,,,,,,,P,
55,,,,,,,,,P,,,,,,,,,,,P,,,,,,,,,,,,,,,P,,,,,,,,,,,,,,,,,,,,,,,,,,,,,,,,,,,,,,,,,,,,,,P,,,,,,,,,,,,,,,P,,,,,,,,,,,P,
56,,,,,,,,,P,,,,,,,,,,,P,,,,,,,,,,,,,,,P,,,,,,,,,,,,,,,,,,,,,,,,,,,,,,,,,,,,,,,,,,,,,,P,,,,,,,,,,,,,,,P,,,,,,,,,,,P,
57,,,,,,,,,P,,,,,,,,,,,P,,,,,,,,,,,,,,,P,,,,,,,,,,,,,,,,,,,,,,,,,,,,,,,,,,,,,,,,,,,,,,P,,,,,,,,,,,,,,,P,,,,,,,,,,,P,
58,,,,,,,,,P,,,,,,,,,,,P,,,,,,,,,,,,,,,P,,,,,,,,,,,,,,,,,,,,,,,,,,,,,,,,,,,,,,,,,,,,,,P,,,,,,,,,,,,,,,P,,,,,,,,,,,P,
59,57,57,57,,,,,,P,,,,,,,,,,,P,,,,,,,,,,,,,,,P,,,,,,,,,,,,,,,,,,,,,,,,,,,,,,,,,,,,,,,,,,,,,,P,,,,,,,,,,,,,,,P,,,,,,,,,,,P,
60,57,57,57,,,,,,P,,,,,,,,,,,P,,,,,,,,,,,,,,,P,,,,,,,,,,,,,,,,,,,,,,,,,,,,,,,,,,,,,,,,,,,,,,P,,,,,,,,,,,,,,,P,,,,,,,,,,,P,
61,57,57,57,,,,,,P,,,,,,,,,,,P,,,,,,,,,,,,,,,P,,,,,,,,,,,,,,,,,,,,,,,,,,,,,,,,,,,,,,,,,,,,,,P,,,,,,,,,,,,,,,P,,,,,,,,,,,P,
62,57,57,57,,,,,,P,,,,,,,,,,,P,,,,,,,,,,,,,,,P,,,,,,,,,,,,,,,,,,,,,,,,,,,,,,,,,,,,,,,,,,,,,,P,,,,,,,,,,,,,,,P,,,,,,,,,,,P,
63,57,57,57,,,,,,P,,,,,,,,,,,P,,,,,,,,,,,,,,,P,,,,,,,,,,,,,,,,,,,,,,,,,,,,,,,,,,,,,,,,,,,,,,P,,,,,,,,,,,,,,,P,,,,,,,,,,,P,
64,57,57,57,,,,,,P,,,,,,,,,,,P,,,,,,,,,,,,,,,P,,,,,,,,,,,,,,,,,,,,,,,,,,,,,,,,,,,,,,,,,,,,,,P,,,,,,,,,,,,,,,P,,,,,,,,,,,P,
65,57,57,57,,,,,,P,,,,,,,,,,,P,,,,,,,,,,,,,,,P,,,,,,,,,,,,,,,,,,,,,,,,,,,,,,,,,,,,,,,,,,,,,,P,,,,,,,,,,,,,,,P,,,,,,,,,,,P,
66,57,57,57,,,,,,P,,,,,,,,,,,P,,,,,,,,,,,,,,,P,,,,,,,,,,,,,,,,,,,,,,,,,,,,,,,,,,,,,,,,,,,,,,P,,,,,,,,,,,,,,,P,,,,,,,,,,,P,
67,57,57,57,,,,,,P,,,,,,,,,,,P,,,,,,,,,,,,,,,P,,,,,,,,,,,,,,,,,,,,,,,,,,,,,,,,,,,,,,,,,,,,,,P,,,,,,,,,,,,,,,P,,,,,,,,,,,P,
68,57,57,57,,,,,,P,,,,,,,,,,,P,,,,,,,,,,,,,,,P,,,,,,,,,,,,,,,,,,,,,,,,,,,,,,,,,,,,,,,,,,,,,,P,,,,,,,,,,,,,,,P,,,,,,,,,,,P,
69,,,,,,,,,P,,,,,,,,,,,P,,,,,,,,,,,,,,,P,,,,,,,,,,,,,,,,,,,,,,,,,,,,,,,,,,,,,,,,,,,,,,P,,,,,,,,,,,,,,,P,,,,,,,,,,,P,
70,,,,,,,,,P,,,,,,,,,,,P,,,,,,,,,,,,,,P,P,,,,,,,,,,,,,,,,,,,,,,,,,,,,,,,,,,,,,,,,,,,,,,P,,,,,,,,,,,,,,,P,,,,,,,,,,,P,
71,,,,,,,,,P,P,P,P,P,P,P,P,P,P,P,P,P,P,P,P,P,P,P,P,P,P,P,P,P,P,P,P,P,P,P,P,P,P,P,P,P,P,P,P,P,P,P,P,P,P,P,P,P,P,P,P,P,P,P,P,P,P,P,P,P,P,P,P,P,P,P,P,P,P,P,P,P,P,P,P,P,P,P,P,P,P,P,P,P,P,P,P,P,P,P,P,P,P,P,P,P,P,P,
72,,,,,,,,,P,,,,,,,,,,,P,,,,,,,,,,,,,P,P,P,P,,,,,,,,,,,,,,,,,,,,,P,P,P,,,,,,,,,,,,,,,,,,,,,,P,,,,,,,,,,,,,,,P,,,,,,,,,,,P,
73,,,,,,,,,P,,,,,,,,,,,P,,,,,,,,,,,,P,P,P,P,,,,,,,,,,,,,,,,,,,,,,P,P,P,,,,,,,,,,,,,,,,,,,,,,P,,,,,,,,,,,,,,,P,,,,,,,,,,,P,
74,,,,,,,,,P,,,,,,,,,,,P,,,,,,,,,,,P,P,P,,P,,,,,,,,,,,,,,,,,,,,,,P,P,P,,,,,,,,,,,,,,,,,,,,,,P,,,,,,,,,,,,,,,P,,,,,,,,,,,P,
75,1,1,,,,,,,P,,,,,,,,,,,P,,,,,,,,,,P,P,P,,,P,,,,,,,,,,,,,,,,,,,,,,P,P,P,,,,,,,,,,,,,,,,,,,,,,P,,,,,,,,,,,,,,,P,,,,,,,,,,,P,
76,1,1,,,,,,,P,,,,,,,,,,,P,,,,,,,,,P,P,P,,,,P,,,,,,,,,,,,,,,,,,,,,,P,P,P,,,,,,,,,,,,,,,,,,,,,,P,,,,,,,,,,,,,,,P,,,,,,,,,,,P,
77,1,1,,,,,,,P,,,,,,,,,,,P,,,,,,,,P,P,P,,,,,P,,,,,,,,,,,,,,,,,,,,,,P,P,P,,,,,,,,,,,,,,,,,,,,,,P,,,,,,,,,,,,,,,P,,,,,,,,,,,P,
78,1,1,,,,,,,P,,,,,,,,,,,P,,,,,,,P,P,P,,,,,,P,,,,,,,,,,,,,,,,,,,,,,P,P,P,,,,,,,,,,,,,,,,,,,,,,P,,,,,,,,,,,,,,,P,,,,,,,,,,,P,
79,1,1,,,,,,,P,,,,,,,,,,,P,,,,,,P,P,P,,,,,,,P,,,,,,,,,,,,,,,,,,,,,,P,P,P,,,,,,,,,,,,,,,,,,,,,,P,,,,,,,,,,,,,,,P,,,,,,,,,,,P,
80,1,1,,,,,,,P,,,,,,,,,,,P,,,,,P,P,P,,,,,,,,P,,,,,,,,,,,,,,,,,,,,,,P,P,P,,,,,,,,,,,,,,,,,,,,,,P,,,,,,,,,,,,,,,P,,,,,,,,,,,P,
81,1,1,,,,,,,P,,,,,,,,,,,P,,,,P,P,P,,,,,,,,,P,,,,,,,,,,,,,,,,,,,,,,P,P,P,,,,,,,,,,,,,,,,,,,,,,P,,,,,,,,,,,,,,,P,,,,,,,,,,,P,
82,1,1,,,,,,,P,,,,,,,,,,,P,,,P,P,P,,,,,,,,,,P,,,,,,,,,,,,,,,,,,,,,,P,P,P,,,,,,,,,,,,,,,,,,,,,,P,,,,,,,,,,,,,,,P,,,,,,,,,,,P,
,1,1,,,,,,,P,,,,,,,,,,,P,,P,P,P,,,,,,,,,,,P,,,,,,,,,,,,,,,,,,,,,,P,P,P,,,,,,,,,,,,,,,,,,,,,,P,,,,,,,,,,,,,,,P,,,,,,,,,,,P,
83,1,1,,,,,,,P,,,,,,,,,,,P,P,P,P,,,,,,,,,,,,P,,,,,,,,,,,,,,,,,,,,,,P,P,P,,,,,,,,,,,,,,,,,,,,,,P,,,,,,,,,,,,,,,P,,,,,,,,,,,P,
84,1,1,,,,,,,P,P,P,P,P,P,P,P,P,P,P,P,P,P,,,,,,,,,,,,,P,,,,,,,,,,,,,,,,,,,,,,P,P,P,,,,,,,,,,,,,,,,,,,,,,P,,,,,,,,,,,,,,,P,,,,,,,,,,,P,
85,1,1,,,,,,,,,,,,,,,,P,P,P,P,P,P,P,P,P,P,P,P,P,P,P,P,P,P,P,P,P,P,P,P,P,P,P,P,P,P,P,P,P,P,P,P,P,P,P,P,P,P,P,P,P,P,P,P,P,P,P,P,P,P,P,P,P,P,P,P,P,P,P,P,P,P,P,P,P,P,P,P,P,P,P,P,P,P,P,P,P,P,P,P,P,P,P,P,P,P,
86,R,R,R,,,,,,,,,,,,,,,,,P,P,,,,,,,,,,,,,,P,,,,,,,,,,,,,,,,,,,,,,P,P,P,,,,,,,,,,,,,,,,,,,,,,P,,,,,,,,,,,,,,,P,,,,,,,,,,,P,
87,R,R,R,,,,,,,,,,,,,,,,,P,P,,,,,,,,,,,,,,P,,,,,,,,,,,,,,,,,,,,,,P,P,P,,,,,,,,,,,,,,,,,,,,,,P,,,,,,,,,,,,,,,P,,,,,,,,,,,P,
88,,,,,,,,,,,,,,,,,,,,,P,,,,,,,,,,,,,,P,,,,,,,,,,,,,,,,,,,,,,P,P,P,,,,,,,,,,,,,,,,,,,,,,P,,,,,,,,,,,,,,,P,,,,,,,,,,,P,
89,,,,,,,,,,,,,,,,,,,,,P,,,,,,,,,,,,,,P,,,,,,,,,,,,,,,,,,,,,,P,P,P,,,,,,,,,,,,,,,,,,,,,,P,,,,,,,,,,,,,,,P,,,,,,,,,,,P,
90,,,,,,,,,,,,,,,,,,,,,P,,,,,,,,,,,,,,P,,,,,,,,,,,,,,,,,,,,,,P,P,P,,,,,,,,,,,,,,,,,,,,,,P,,,,,,,,,,,,,,,P,,,,,,,,,,,P,
91,,,,,,,,,,,,,,,,,,,,,P,,,,,,,,,,,,,,P,,,,,,,,,,,,,,,,,,,,,,P,P,P,,,,,,,,,,,,,,,,,,,,,,P,,,,,,,,,,,,,,,P,,,,,,,,,,,P,
92,,,,,,,,,,,,,,,,,,,,,P,,,,,,,,,,,,,,P,,,,,,,,,,,,,,,,,,,,,,P,P,P,,,,,,,,,,,,,,,,,,,,,,P,,,,,,,,,,,,,,,P,,,,,,,,,,,P,
93,,,,,,,,,,,,,,,,,,,,,P,,,,,,,,,,,,,,P,,,,,,,,,,,,,,,,,,,,,,P,P,P,,,,,,,,,,,,,,,,,,,,,,P,,,,,,,,,,,,,,,P,,,,,,,,,,,P,
94,,,,,,,,,,,,,,,,,,,,,P,,,,,,,,,,,,,,P,,,,,,,,,,,,,,,,,,,,,,P,P,P,,,,,,,,,,,,,,,,,,,,,,P,,,,,,,,,,,,,,,P,,,,,,,,,,,P,
95,,,,,,,,,,,,,,,,,,,,,P,,,,,,,,,,,,,,P,,,,,,,,,,,,,,,,,,,,,,P,P,P,,,,,,,,,,,,,,,,,,,,,,P,,,,,,,,,,,,,,,P,,,,,,,,,,,P,
96,,,,,,,,,,,,,,,,,,,,,P,,,,,,,,,,,,,,P,,,,,,,,,,,,,,,,,,,,,,P,P,P,,,,,,,,,,,,,,,,,,,,,,P,,,,,,,,,,,,,,,P,,,,,,,,,,,P,
97,,,,,,,,,,,,,,,,,,,,,P,,,,,,,,,,,,,,P,,,,,,,,,,,,,,,,,,,,,,P,P,P,,,,,,,,,,,,,,,,,,,,,,P,,,,,,,,,,,,,,,P,,,,,,,,,,,P,
98,,,,,,,,,,,,,,,,,,,,,P,,,,,,,,,,,,,,P,,,,,,,,,,,,,,,,,,,,,,,,,,,,,,,,,,,,,,,,,,,,,,P,,,,,,,,,,,,,,,P,,,,,,,,,,,P,
99,,,,,,,,,,,,,,,,,,,,,P,P,P,P,P,P,P,P,P,P,P,P,P,P,P,P,P,P,P,P,P,P,P,P,P,P,P,P,P,P,P,P,P,P,P,P,,,,P,P,P,P,P,P,P,P,P,P,P,P,P,P,P,P,P,P,P,P,P,P,P,P,P,P,P,P,P,P,P,P,P,P,P,P,P,P,P,P,P,P,P,P,P,P,P,P,
100,,,,,,,,,,,,,,,,,,,,,,,,,,,,,,,,,,,,,,,,,,,,,,,,,,,,,,,,,,,,,,,,,,,,,,,,,,,,,,,,,,,,,,,,,,,,,,,,,,,,,,,,,,,,
101,,,,,,,,,,,,,,,,,,,,,,,,,,,,,,,,,,,,,,,,,,,,,,,,,,,,,,,,,,,,,,,,,,,,,,,,,,,,,,,,,,,,,,,,,,,,,,,,,,,,,,,,,,,,
102,,,,,,,,,,,,,,,,,,,,,,,,,,,,,,,,,,,,,,,,,,,,,,,,,,,,,,,,,,,,,,,,,,,,,,,,,,,,,,,,,,,,,,,,,,,,,,,,,,,,,,,,,,,,
103,,,,,,,,,,,,,,,,,,,,,,,,,,,,,,,,,,,,,,,,,,,,,,,,,,,,,,,,,,,,,,,,,,,,,,,,,,,,,,,,,,,,,,,,,,,,,,,,,,,,,,,,,,,,
104,,,,,,,,,,,,,,,,,,,,,,,,,,,,,,,,,,,,,,,,,,,,,,,,,,,,,,,,,,,,,,,,,,,,,,,,,,,,,,,,,,,,,,,,,,,,,,,,,,,,,,,,,,,,
105,,,,,,,,,,,,,,,,,,,,,,,,,,,,,,,,,,,,,,,,,,,,,,,,,,,,,,,,,,,,,,,,,,,,,,,,,,,,,,,,,,,,,,,,,,,,,,,,,,,,,,,,,,,,
106,,,,,,,,,,,,,,,,,,,,,,,,,,,,,,,,,,,,,,,,,,,,,,,,,,,,,,,,,,,,,,,,,,,,,,,,,,,,,,,,,,,,,,,,,,,,,,,,,,,,,,,,,,,,
107,,,,,,,,,,,,,,,,,,,,,,,,,,,,,,,,,,,,,,,,,,,,,,,,,,,,,,,,,,,,,,,,,,,,,,,,,,,,,,,,,,,,,,,,,,,,,,,,,,,,,,,,,,,,
108,R,R,R,,,,,,,,,,,,,,,,,,,,,,,,,,,,,,,,,,,,,,,,,,,,,,,,,,,,,,,,,,,,,,,,,,,,,,,,,,,,,,,,,,,,,,,,,,,,,,,,,,,,,,,,,
109,R,R,R,,,,,,,,,,,,,,,,,,,,,,,,,,,,,,,,,,,,,,,,,,,,,,,,,,,,,,,,,,,,,,,,,,,,,,,,,,,,,,,,,,,,,,,,,,,,,,,,,,,,,,,,,
110,15,15,,,,,,,,,,,,,,,,,,,,,,,,,,,,,,,,,,,,,,,,,,,,,,,,,,,,,,,,,,,,,,,,,,,,,,,,,,,,,,,,,,,,,,,,,,,,,,,,,,,,,,,,,,
111,15,15,,,,,,,,,,,,,,,,,,,,,,,,,,,,,,,,,,,,,,,,,,,,,,,,,,,,,,,,,,,,,,,,,,,,,,,,,,,,,,,,,,,,,,,,,,,,,,,,,,,,,,,,,,
112,15,15,,,,,,,,,,,,,,,,,,,,,,,,,,,,,,,,,,,,,,,,,,,,,,,,,,,,,,,,,,,,,,,,,,,,,,,,,,,,,,,,,,,,,,,,,,,,,,,,,,,,,,,,,,
113,15,15,,,,,,,,,,,,,,,,,,,,,,,,,,,,,,,,,,,,,,,,,,,,,,,,,,,,,,,,,,,,,,,,,,,,,,,,,,,,,,,,,,,,,,,,,,,,,,,,,,,,,,,,,,
114,15,15,,,,,,,,,,,,,,,,,,,,,,,,,,,,,,,,,,,,,,,,,,,,,,,,,,,,,,,,,,,,,,,,,,,,,,,,,,,,,,,,,,,,,,,,,,,,,,,,,,,,,,,,,,
115,15,15,,,,,,,,,,,,,,,,,,,,,,,,,,,,,,,,,,,,,,,,,,,,,,,,,,,,,,,,,,,,,,,,,,,,,,,,,,,,,,,,,,,,,,,,,,,,,,,,,,,,,,,,,,
116,15,15,,,,,,,,,,,,,,,,,,,,,,,,,,,,,,,,,,,,,,,,,,,,,,,,,,,,,,,,,,,,,,,,,,,,,,,,,,,,,,,,,,,,,,,,,,,,,,,,,,,,,,,,,,
117,15,15,,,,,,,,,,,,,,,,,,,,,,,,,,,,,,,,,,,,,,,,,,,,,,,,,,,,,,,,,,,,,,,,,,,,,,,,,,,,,,,,,,,,,,,,,,,,,,,,,,,,,,,,,,
118,15,,,,,,,,,,,,,,,,,,,,,,,,,,,,,,,,,,,,,,,,,,,,,,,,,,,,,,,,,,,,,,,,,,,,,,,,,,,,,,,,,,,,,,,,,,,,,,,,,,,,,,,,,,,
119,15,,,,,,,,,,,,,,,,,,,,,,,,,,,,,,,,,,,,,,,,,,,,,,,,,,,,,,,,,,,,,,,,,,,,,,,,,,,,,,,,,,,,,,,,,,,,,,,,,,,,,,,,,,,
120,15,,,,,,,,,,,,,,,,,,,,,,,,,,,,,,,,,,,,,,,,,,,,,,,,,,,,,,,,,,,,,,,,,,,,,,,,,,,,,,,,,,,,,,,,,,,,,,,,,,,,,,,,,,,
121,,,,,,,,,,,,,,,,,,,,,,,,,,,,,,,,,,,,,,,,,,,,,,,,,,,,,,,,,,,,,,,,,,,,,,,,,,,,,,,,,,,,,,,,,,,,,,,,,,,,,,,,,,,,